1,Essa,Canet,ecanet0@about.me,Female
2,Marna,Quye,mquye1@nymag.com,Male
3,Charleen,Heinsius,cheinsius2@dyndns.org,Female
4,Orion,Ruvel,oruvel3@oaic.gov.au,Bigender
5,Garfield,Volante,gvolante4@php.net,Male
6,Harrie,Cheshire,hcheshire5@cbc.ca,Male
7,Nicolas,MacMickan,nmacmickan6@discuz.net,Female
8,Janaye,Wegenen,jwegenen7@ameblo.jp,Female
9,Fredra,Whotton,fwhotton8@de.vu,Female
10,Lianne,Golson,lgolson9@nature.com,Male
11,Ulrikaumeko,Redolfi,uredolfia@zdnet.com,Female
12,Murial,Earpe,mearpeb@chicagotribune.com,Male
13,Leanor,Parker,lparkerc@vimeo.com,Male
14,Jarid,Innett,jinnettd@auda.org.au,Male
15,Laurianne,Alabastar,lalabastare@ameblo.jp,Female
16,Malvin,Brunner,mbrunnerf@chicagotribune.com,Bigender
17,Orsa,Beldam,obeldamg@baidu.com,Male
18,Adam,Cardiff,acardiffh@sbwire.com,Female
19,Dilan,Heino,dheinoi@goo.gl,Female
20,Bondon,Beale,bbealej@pbs.org,Male
21,Trever,Goldsbrough,tgoldsbroughk@wunderground.com,Agender
22,Alicia,Spoward,aspowardl@chronoengine.com,Female
23,Darrin,Aburrow,daburrowm@princeton.edu,Male
24,Holt,Norcliffe,hnorcliffen@ox.ac.uk,Genderqueer
25,Tim,Archanbault,tarchanbaulto@hexun.com,Male
26,Crawford,Worboy,cworboyp@51.la,Non-binary
27,Caren,Libbie,clibbieq@hao123.com,Male
28,Ailee,Gannicott,agannicottr@boston.com,Male
29,Dana,Frend,dfrends@google.de,Male
30,Dita,Van T'Hoog,dvanthoogt@imageshack.us,Female
31,Garik,Caroli,gcaroliu@java.com,Female
32,Charis,Del Monte,cdelmontev@nbcnews.com,Male
33,Winthrop,Hansana,whansanaw@cam.ac.uk,Female
34,Gabbi,MacAdie,gmacadiex@who.int,Female
35,Kathe,Whawell,kwhawelly@salon.com,Female
36,Ernestine,Parfrey,eparfreyz@cisco.com,Male
37,Rawley,Brigden,rbrigden10@auda.org.au,Female
38,Blair,Jefford,bjefford11@wix.com,Female
39,Tobe,Constanza,tconstanza12@mac.com,Female
40,Andra,Mandeville,amandeville13@tmall.com,Male
41,Shea,Dabney,sdabney14@example.com,Agender
42,Garreth,Pernell,gpernell15@dropbox.com,Male
43,Belinda,Javes,bjaves16@scientificamerican.com,Female
44,Gratia,Impett,gimpett17@mashable.com,Female
45,Emmy,Chmiel,echmiel18@independent.co.uk,Female
46,Elmore,Yukhin,eyukhin19@123-reg.co.uk,Female
47,Allix,Glawsop,aglawsop1a@merriam-webster.com,Non-binary
48,Ibrahim,Caffin,icaffin1b@youku.com,Female
49,Frank,Layland,flayland1c@xinhuanet.com,Female
50,Linnie,Geraldo,lgeraldo1d@independent.co.uk,Male
51,Noreen,MacKellar,nmackellar1e@ftc.gov,Male
52,Darda,Flowith,dflowith1f@scientificamerican.com,Male
53,Karleen,Stredder,kstredder1g@mit.edu,Male
54,Cyrus,Demkowicz,cdemkowicz1h@cbc.ca,Male
55,George,Tureville,gtureville1i@wikispaces.com,Female
56,Wilek,Goodlip,wgoodlip1j@ow.ly,Female
57,Des,Ricioppo,dricioppo1k@vkontakte.ru,Male
58,Urbain,Ducarel,uducarel1l@tiny.cc,Female
59,Rosalinde,McMyler,rmcmyler1m@friendfeed.com,Agender
60,Shawnee,Brightling,sbrightling1n@creativecommons.org,Male
61,Veradis,Rable,vrable1o@census.gov,Male
62,Elane,Verny,everny1p@google.fr,Female
63,Ketty,Jahnig,kjahnig1q@icio.us,Male
64,Yolanda,Kencott,ykencott1r@boston.com,Female
65,Sibyl,Rieflin,srieflin1s@purevolume.com,Female
66,Joycelin,Furmagier,jfurmagier1t@eventbrite.com,Genderqueer
67,Asher,Braemer,abraemer1u@walmart.com,Female
68,Joellyn,Kirby,jkirby1v@nba.com,Male
69,Hatty,Valencia,hvalencia1w@technorati.com,Male
70,Cordi,Bradwell,cbradwell1x@histats.com,Bigender
71,Delphinia,Lonie,dlonie1y@stumbleupon.com,Male
72,Bobbi,Minihan,bminihan1z@stumbleupon.com,Female
73,Rozele,Abate,rabate20@ftc.gov,Male
74,Curry,Redwood,credwood21@wiley.com,Male
75,Catharine,Kenworthy,ckenworthy22@seattletimes.com,Male
76,Hart,Littley,hlittley23@craigslist.org,Female
77,Adella,Burdikin,aburdikin24@simplemachines.org,Agender
78,Suzanne,Pettie,spettie25@illinois.edu,Male
79,Rogers,Tasseler,rtasseler26@tinyurl.com,Female
80,Otto,Stribbling,ostribbling27@vkontakte.ru,Male
81,Taylor,O'Scollee,toscollee28@berkeley.edu,Male
82,Emiline,Gibling,egibling29@usnews.com,Male
83,Broddie,Ennor,bennor2a@imageshack.us,Female
84,Oates,Palke,opalke2b@mozilla.org,Female
85,Elmer,Schapiro,eschapiro2c@wiley.com,Female
86,Camilla,Bess,cbess2d@quantcast.com,Male
87,Dinny,Casaccia,dcasaccia2e@diigo.com,Female
88,Matti,O'Skehan,moskehan2f@sina.com.cn,Female
89,Wes,Ginley,wginley2g@gizmodo.com,Bigender
90,Paulo,Follit,pfollit2h@telegraph.co.uk,Polygender
91,Arri,Simonetti,asimonetti2i@salon.com,Polygender
92,Codi,Halsho,chalsho2j@salon.com,Male
93,Farrell,Nand,fnand2k@spotify.com,Male
94,Chrisy,Barthropp,cbarthropp2l@hp.com,Male
95,Waylan,Dunks,wdunks2m@weibo.com,Male
96,Nathanael,Tertre,ntertre2n@cdbaby.com,Female
97,Philippine,Queste,pqueste2o@opensource.org,Male
98,Gerry,Grennan,ggrennan2p@admin.ch,Female
99,Juditha,Schollar,jschollar2q@about.me,Agender
100,Martie,Hullin,mhullin2r@reddit.com,Female
101,Polly,Keer,pkeer2s@nyu.edu,Male
102,Roy,Crockatt,rcrockatt2t@ezinearticles.com,Female
103,Tedman,Pakeman,tpakeman2u@wufoo.com,Male
104,Denni,Fieldsend,dfieldsend2v@bluehost.com,Female
105,Al,Dwyr,adwyr2w@blinklist.com,Female
106,Giff,McInnes,gmcinnes2x@washingtonpost.com,Female
107,Gabie,Boniface,gboniface2y@gnu.org,Female
108,Merrill,Kibbel,mkibbel2z@jalbum.net,Female
109,Jasmin,Maund,jmaund30@shutterfly.com,Male
110,Sidonnie,Jacobson,sjacobson31@nps.gov,Female
111,Alethea,Candey,acandey32@yahoo.com,Female
112,Deny,Rennels,drennels33@cnet.com,Female
113,Donna,Willacot,dwillacot34@auda.org.au,Male
114,Danny,Callear,dcallear35@google.com.hk,Genderqueer
115,Chan,Pouck,cpouck36@reddit.com,Female
116,Fair,Charlson,fcharlson37@vkontakte.ru,Male
117,Maximo,Alden,malden38@weebly.com,Female
118,Esmaria,Martell,emartell39@taobao.com,Male
119,Marlow,Jeannin,mjeannin3a@wsj.com,Male
120,Filmer,Cutts,fcutts3b@hud.gov,Female
121,Tresa,Slimm,tslimm3c@archive.org,Male
122,Damara,Gobel,dgobel3d@abc.net.au,Female
123,Kellyann,Bussel,kbussel3e@businessinsider.com,Female
124,Cleavland,Penkethman,cpenkethman3f@mtv.com,Female
125,Cornall,Balma,cbalma3g@washingtonpost.com,Non-binary
126,Tarrance,McCreath,tmccreath3h@sciencedaily.com,Male
127,Adams,Holleran,aholleran3i@kickstarter.com,Female
128,Isabelle,Gleadhall,igleadhall3j@rambler.ru,Male
129,Annemarie,Rangle,arangle3k@digg.com,Female
130,Andres,Fontenot,afontenot3l@bing.com,Male
131,Mervin,Harriott,mharriott3m@wp.com,Female
132,Stearn,Mathissen,smathissen3n@cbsnews.com,Female
133,Zandra,Carlucci,zcarlucci3o@last.fm,Female
134,Feliks,De Fries,fdefries3p@wufoo.com,Male
135,Eryn,Brydie,ebrydie3q@fastcompany.com,Female
136,Prentice,Plampin,pplampin3r@histats.com,Male
137,Melesa,Roddam,mroddam3s@behance.net,Genderqueer
138,Curtis,Morales,cmorales3t@hatena.ne.jp,Male
139,Heall,Cubbin,hcubbin3u@nsw.gov.au,Male
140,Joyann,Salmen,jsalmen3v@wisc.edu,Female
141,Willard,Vanyarkin,wvanyarkin3w@seesaa.net,Female
142,Austine,Metcalf,ametcalf3x@bigcartel.com,Male
143,Amy,Pre,apre3y@seattletimes.com,Female
144,Constancia,Lindell,clindell3z@skyrock.com,Female
145,Darbee,Burras,dburras40@jugem.jp,Female
146,Annmaria,Galea,agalea41@microsoft.com,Female
147,Loy,Mumm,lmumm42@wired.com,Female
148,Rowland,Gronav,rgronav43@mediafire.com,Agender
149,Jessi,Holley,jholley44@deliciousdays.com,Male
150,Kerri,Astill,kastill45@google.com.hk,Female
151,Evelin,Dobbson,edobbson46@ocn.ne.jp,Male
152,Kiri,Confort,kconfort47@addtoany.com,Female
153,Madelaine,Capes,mcapes48@gnu.org,Female
154,Bonita,Huyton,bhuyton49@weebly.com,Male
155,De,Gonnely,dgonnely4a@nymag.com,Male
156,Kev,Fransoni,kfransoni4b@telegraph.co.uk,Male
157,Merralee,Burgot,mburgot4c@deliciousdays.com,Female
158,Heath,Antonias,hantonias4d@mozilla.com,Male
159,Myrle,Adshad,madshad4e@xrea.com,Female
160,Nickie,Drakes,ndrakes4f@hao123.com,Male
161,Debby,Ganley,dganley4g@sphinn.com,Female
162,Garrek,Lambirth,glambirth4h@wikipedia.org,Female
163,Sophi,Sever,ssever4i@wisc.edu,Male
164,Alfie,Steen,asteen4j@privacy.gov.au,Female
165,Marcel,Billings,mbillings4k@redcross.org,Male
166,Terrell,Menel,tmenel4l@phpbb.com,Female
167,Germain,Threadgall,gthreadgall4m@ning.com,Agender
168,Carmina,Wooler,cwooler4n@squidoo.com,Female
169,Lari,Walicki,lwalicki4o@ow.ly,Female
170,Irv,Westrey,iwestrey4p@china.com.cn,Male
171,Ahmad,Dearnaly,adearnaly4q@hud.gov,Male
172,Osbert,Boustred,oboustred4r@reuters.com,Male
173,Tremaine,Undrill,tundrill4s@independent.co.uk,Male
174,Waite,Gilhouley,wgilhouley4t@bbc.co.uk,Male
175,Lee,Hark,lhark4u@wufoo.com,Male
176,Ginelle,Palumbo,gpalumbo4v@about.me,Female
177,Amabelle,Di Franceshci,adifranceshci4w@theatlantic.com,Male
178,Eleanora,MacFarland,emacfarland4x@google.com.br,Female
179,Saudra,Rzehor,srzehor4y@ucsd.edu,Male
180,Berta,Blannin,bblannin4z@xrea.com,Female
181,Reuben,Stodart,rstodart50@virginia.edu,Male
182,Christiane,Sawtell,csawtell51@imageshack.us,Male
183,Ellery,Guillotin,eguillotin52@altervista.org,Female
184,Sydel,Pree,spree53@dyndns.org,Female
185,Riobard,Cuffley,rcuffley54@hp.com,Male
186,Allianora,Grayshon,agrayshon55@google.de,Male
187,Mallissa,Emerson,memerson56@tamu.edu,Agender
188,Eadith,Ventum,eventum57@nymag.com,Male
189,Fitzgerald,Mattia,fmattia58@dyndns.org,Female
190,Brinn,Seif,bseif59@mapquest.com,Male
191,Hollis,Daunay,hdaunay5a@drupal.org,Male
192,Yancy,Halbard,yhalbard5b@livejournal.com,Male
193,Bill,Brecon,bbrecon5c@soundcloud.com,Female
194,Jacquetta,Dake,jdake5d@mit.edu,Female
195,Libby,Guiu,lguiu5e@reference.com,Polygender
196,Alys,Schonfeld,aschonfeld5f@jimdo.com,Female
197,Humfried,Cruft,hcruft5g@symantec.com,Genderqueer
198,Bambie,Ceyssen,bceyssen5h@bloglines.com,Female
199,Carmelita,Megarrell,cmegarrell5i@pinterest.com,Female
200,Kinsley,Talby,ktalby5j@npr.org,Female
201,Cosimo,Swyre,cswyre5k@cyberchimps.com,Male
202,Alix,Ilsley,ailsley5l@npr.org,Female
203,Wiley,Busch,wbusch5m@instagram.com,Female
204,Manuel,Tindley,mtindley5n@hc360.com,Male
205,Pearle,Croci,pcroci5o@shop-pro.jp,Male
206,Ruy,Dougan,rdougan5p@stanford.edu,Female
207,Heall,Shiel,hshiel5q@1und1.de,Female
208,Tabbie,Aylin,taylin5r@microsoft.com,Female
209,Dael,Howlett,dhowlett5s@microsoft.com,Female
210,Deeanne,Jeaffreson,djeaffreson5t@ifeng.com,Bigender
211,Kinsley,Regis,kregis5u@infoseek.co.jp,Female
212,Violette,Maddinon,vmaddinon5v@edublogs.org,Male
213,Rianon,Fibbitts,rfibbitts5w@jigsy.com,Female
214,Sander,Bloss,sbloss5x@tripod.com,Male
215,Ange,MacCaffery,amaccaffery5y@fastcompany.com,Male
216,Abey,Wildey,awildey5z@deliciousdays.com,Female
217,Arlin,Bertlin,abertlin60@symantec.com,Male
218,Erik,Vaughn,evaughn61@free.fr,Male
219,Lorri,Mattacks,lmattacks62@about.com,Female
220,Rockey,Maghull,rmaghull63@icq.com,Male
221,Morry,Mellish,mmellish64@amazon.de,Male
222,Jan,Cremins,jcremins65@360.cn,Female
223,Rozella,Barzen,rbarzen66@businesswire.com,Bigender
224,Hyacinth,Pentelo,hpentelo67@washingtonpost.com,Female
225,Codee,Gurry,cgurry68@princeton.edu,Male
226,Anthiathia,Steaning,asteaning69@gnu.org,Male
227,Cornelia,Keeffe,ckeeffe6a@geocities.com,Male
228,Ruthanne,Bradwell,rbradwell6b@sun.com,Female
229,Zondra,Neat,zneat6c@opera.com,Female
230,Gwendolyn,Spring,gspring6d@opensource.org,Bigender
231,Lew,Gossan,lgossan6e@toplist.cz,Male
232,Carmelia,Prickett,cprickett6f@buzzfeed.com,Male
233,Maressa,Outridge,moutridge6g@ehow.com,Male
234,Prinz,Libbey,plibbey6h@hibu.com,Male
235,Wally,O'Dee,wodee6i@statcounter.com,Female
236,Lindsay,Valett,lvalett6j@alexa.com,Female
237,Evania,Halbert,ehalbert6k@mediafire.com,Female
238,Revkah,Stillert,rstillert6l@51.la,Female
239,Emanuele,McIlwaine,emcilwaine6m@whitehouse.gov,Male
240,Gayleen,Mariette,gmariette6n@posterous.com,Female
241,Lisle,Ondrousek,londrousek6o@mail.ru,Male
242,Myron,Korbmaker,mkorbmaker6p@de.vu,Agender
243,Fannie,Adamkiewicz,fadamkiewicz6q@intel.com,Male
244,Romona,Ainscow,rainscow6r@arizona.edu,Male
245,Michel,Sanchiz,msanchiz6s@foxnews.com,Female
246,Frederique,Bernardeau,fbernardeau6t@indiegogo.com,Female
247,Granger,MacLaren,gmaclaren6u@uol.com.br,Male
248,Bucky,Warman,bwarman6v@theguardian.com,Female
249,Diahann,Althrop,dalthrop6w@tumblr.com,Female
250,Adriaens,Marten,amarten6x@bandcamp.com,Non-binary
251,Flinn,Skpsey,fskpsey6y@booking.com,Female
252,Waldemar,Stringman,wstringman6z@wisc.edu,Female
253,Sherill,Perl,sperl70@microsoft.com,Polygender
254,Sandie,Elener,selener71@europa.eu,Female
255,Mord,Farnon,mfarnon72@upenn.edu,Male
256,Rebeca,Farley,rfarley73@forbes.com,Male
257,Arlyn,Riquet,ariquet74@icio.us,Male
258,Salem,Queyos,squeyos75@ycombinator.com,Female
259,Nerta,Dmitr,ndmitr76@example.com,Female
260,Candide,Wilkes,cwilkes77@cornell.edu,Male
261,Asa,Calendar,acalendar78@accuweather.com,Male
262,Lawry,Lawton,llawton79@last.fm,Female
263,Meaghan,Placidi,mplacidi7a@woothemes.com,Male
264,Deina,Morrissey,dmorrissey7b@vinaora.com,Non-binary
265,Eduino,Tickner,etickner7c@github.io,Female
266,Ardelis,Maccrae,amaccrae7d@w3.org,Female
267,Fidela,Buckner,fbuckner7e@livejournal.com,Male
268,Brice,Stivani,bstivani7f@bluehost.com,Genderqueer
269,Lorry,Duesbury,lduesbury7g@fc2.com,Male
270,Kelvin,Rehorek,krehorek7h@wix.com,Male
271,Belle,Episcopio,bepiscopio7i@posterous.com,Male
272,Remy,Dullingham,rdullingham7j@constantcontact.com,Male
273,Ashbey,McDermott-Row,amcdermottrow7k@topsy.com,Male
274,Eleonore,Pears,epears7l@utexas.edu,Female
275,Sarene,Corderoy,scorderoy7m@sbwire.com,Male
276,Justen,Flood,jflood7n@cornell.edu,Female
277,Konstantine,Stainland,kstainland7o@ucoz.ru,Female
278,Vanny,Espinheira,vespinheira7p@tinyurl.com,Male
279,Gianni,Lake,glake7q@abc.net.au,Male
280,Austin,Weatherburn,aweatherburn7r@g.co,Male
281,Arabella,Beynon,abeynon7s@i2i.jp,Male
282,Gilli,Frounks,gfrounks7t@cbc.ca,Female
283,Chancey,Parades,cparades7u@mapy.cz,Male
284,Torie,Coddrington,tcoddrington7v@so-net.ne.jp,Female
285,Isaac,Garrals,igarrals7w@huffingtonpost.com,Male
286,Galina,Beenham,gbeenham7x@wikimedia.org,Male
287,Ford,Mutlow,fmutlow7y@state.gov,Male
288,Chrissy,Blakeston,cblakeston7z@chicagotribune.com,Male
289,Risa,Rawkesby,rrawkesby80@mapy.cz,Male
290,Helen,De Wolfe,hdewolfe81@goo.ne.jp,Female
291,Findley,Baalham,fbaalham82@sitemeter.com,Female
292,Brannon,Bedingfield,bbedingfield83@whitehouse.gov,Female
293,Helen-elizabeth,Aronsohn,haronsohn84@dyndns.org,Female
294,Ulrika,Edards,uedards85@ucoz.ru,Male
295,Aldous,Cloonan,acloonan86@sfgate.com,Male
296,Nadine,Dumbrill,ndumbrill87@addthis.com,Female
297,Tadio,Downing,tdowning88@bigcartel.com,Female
298,Allie,Speeks,aspeeks89@nyu.edu,Female
299,Tonia,O'Flynn,toflynn8a@wired.com,Female
300,Ferd,Rennick,frennick8b@gnu.org,Male
301,Francklyn,Vidineev,fvidineev8c@vinaora.com,Male
302,Lou,MacTimpany,lmactimpany8d@fema.gov,Male
303,Linc,Gowler,lgowler8e@gravatar.com,Male
304,Shirline,Perrins,sperrins8f@squarespace.com,Male
305,Lulita,MacKaig,lmackaig8g@patch.com,Agender
306,Willa,Rennix,wrennix8h@nsw.gov.au,Female
307,Dorolice,Fronks,dfronks8i@salon.com,Female
308,Brander,Gimblet,bgimblet8j@tinyurl.com,Female
309,Hugh,Sturney,hsturney8k@alibaba.com,Male
310,Noelle,Lowe,nlowe8l@plala.or.jp,Female
311,Marlin,Blacktin,mblacktin8m@chronoengine.com,Agender
312,Germain,Tanzig,gtanzig8n@cocolog-nifty.com,Male
313,Ulysses,Bouller,ubouller8o@twitpic.com,Male
314,Brew,Haldene,bhaldene8p@blogtalkradio.com,Genderfluid
315,Ross,Arrighini,rarrighini8q@mail.ru,Female
316,Kimmy,Tyers,ktyers8r@nsw.gov.au,Female
317,Sher,Sylvester,ssylvester8s@blogtalkradio.com,Male
318,Rhianon,Crut,rcrut8t@fda.gov,Female
319,Jethro,Verrills,jverrills8u@miibeian.gov.cn,Male
320,Fredericka,Caldroni,fcaldroni8v@wisc.edu,Male
321,Ninnette,Hainey,nhainey8w@devhub.com,Female
322,Bernarr,Newcomb,bnewcomb8x@ning.com,Male
323,Gallard,Sweett,gsweett8y@marketwatch.com,Female
324,Bathsheba,Palumbo,bpalumbo8z@tinyurl.com,Male
325,Margeaux,Fannin,mfannin90@wikia.com,Female
326,Nikolas,Clementucci,nclementucci91@dot.gov,Male
327,Margeaux,Collimore,mcollimore92@ucla.edu,Female
328,Evy,Dimmick,edimmick93@about.me,Male
329,Brunhilda,Meharg,bmeharg94@mediafire.com,Agender
330,Miguela,Critzen,mcritzen95@ebay.com,Male
331,Dina,Howcroft,dhowcroft96@aboutads.info,Female
332,Lyn,Grocock,lgrocock97@usatoday.com,Female
333,Blondy,McDaid,bmcdaid98@blogs.com,Male
334,Lanie,Mosen,lmosen99@ucsd.edu,Female
335,Ibrahim,Neesham,ineesham9a@zimbio.com,Male
336,Gloria,Dreinan,gdreinan9b@wp.com,Female
337,Muffin,Sommerland,msommerland9c@illinois.edu,Non-binary
338,Clemmy,Hannigane,channigane9d@plala.or.jp,Male
339,Florence,Gully,fgully9e@wiley.com,Male
340,Violet,Ebbings,vebbings9f@reverbnation.com,Male
341,Benny,Wenden,bwenden9g@businessinsider.com,Male
342,Fiona,Caldera,fcaldera9h@webmd.com,Female
343,Nowell,Sholl,nsholl9i@pagesperso-orange.fr,Female
344,Aldwin,Shippam,ashippam9j@oracle.com,Male
345,Mikkel,Dunkersley,mdunkersley9k@ucoz.com,Female
346,Davina,Eastabrook,deastabrook9l@twitter.com,Female
347,Mortimer,Brimmicombe,mbrimmicombe9m@google.it,Male
348,Hugo,Saddington,hsaddington9n@samsung.com,Male
349,Malinda,Prevost,mprevost9o@mit.edu,Genderqueer
350,Amalia,Roistone,aroistone9p@weibo.com,Bigender
351,Cornela,Wylie,cwylie9q@yahoo.co.jp,Male
352,Johanna,Trevena,jtrevena9r@patch.com,Female
353,Boothe,Ioannidis,bioannidis9s@craigslist.org,Male
354,Lucita,Danneil,ldanneil9t@sciencedaily.com,Female
355,Benton,Edgson,bedgson9u@independent.co.uk,Male
356,Lorianna,Lillow,llillow9v@ameblo.jp,Male
357,Thomasine,Duberry,tduberry9w@homestead.com,Female
358,Sallyanne,Pfaffel,spfaffel9x@vk.com,Genderqueer
359,Edsel,Osant,eosant9y@theglobeandmail.com,Male
360,Ellette,Bellamy,ebellamy9z@github.com,Male
361,Emlynne,Beldan,ebeldana0@smugmug.com,Male
362,Adham,Andras,aandrasa1@google.ru,Agender
363,Harlen,Paulig,hpauliga2@wikispaces.com,Male
364,Derwin,Scrivenor,dscrivenora3@t.co,Female
365,Maddalena,Paddon,mpaddona4@comcast.net,Male
366,Christoforo,Haskur,chaskura5@mac.com,Male
367,Lorrayne,Micheli,lmichelia6@home.pl,Bigender
368,Patti,Dell 'Orto,pdellortoa7@netscape.com,Male
369,Adah,Rheam,arheama8@123-reg.co.uk,Female
370,Aurilia,Phelipeau,aphelipeaua9@vk.com,Male
371,Betsey,Rickertsen,brickertsenaa@ebay.co.uk,Female
372,Radcliffe,Fallowes,rfallowesab@vistaprint.com,Female
373,Angelika,Bengall,abengallac@admin.ch,Male
374,Karoly,Rivers,kriversad@upenn.edu,Male
375,Lucille,Foker,lfokerae@ovh.net,Female
376,Armstrong,Darington,adaringtonaf@foxnews.com,Female
377,Linc,Beart,lbeartag@google.de,Female
378,Wilow,Hafford,whaffordah@bing.com,Male
379,Shea,Mc Menamin,smcmenaminai@gov.uk,Male
380,Reeba,Kelshaw,rkelshawaj@seattletimes.com,Male
381,Ivonne,Witherup,iwitherupak@mac.com,Male
382,Lazar,Steaning,lsteaningal@google.co.uk,Bigender
383,Matthiew,Grandin,mgrandinam@goo.ne.jp,Female
384,Eleanora,MacAulay,emacaulayan@privacy.gov.au,Male
385,Olympe,MacNamee,omacnameeao@blogger.com,Male
386,Jules,Motto,jmottoap@un.org,Male
387,Tremaine,Danieli,tdanieliaq@de.vu,Female
388,Issie,Agar,iagarar@altervista.org,Female
389,Terrence,Berthel,tberthelas@java.com,Female
390,Ronna,Brownsett,rbrownsettat@bizjournals.com,Male
391,Jordan,Lyste,jlysteau@prnewswire.com,Male
392,Drusi,Dabrowski,ddabrowskiav@kickstarter.com,Male
393,Tannie,Lightwing,tlightwingaw@qq.com,Female
394,Mort,Guice,mguiceax@cmu.edu,Agender
395,Yanaton,Mundow,ymundoway@cornell.edu,Male
396,Matthias,Hawes,mhawesaz@goo.gl,Female
397,Marylin,Evens,mevensb0@instagram.com,Genderfluid
398,Alex,Kemmer,akemmerb1@nytimes.com,Male
399,Mason,Mansion,mmansionb2@blogs.com,Male
400,Maje,Sellen,msellenb3@myspace.com,Male
401,Maurie,Troutbeck,mtroutbeckb4@icq.com,Male
402,Vaughan,MacAlaster,vmacalasterb5@biglobe.ne.jp,Male
403,Gertrudis,Brood,gbroodb6@home.pl,Male
404,Jerry,Torbett,jtorbettb7@dailymail.co.uk,Male
405,Roseline,Courtenay,rcourtenayb8@elpais.com,Female
406,Laughton,Iddon,liddonb9@webeden.co.uk,Male
407,Dacia,Chominski,dchominskiba@tumblr.com,Male
408,Woodman,MacAllan,wmacallanbb@lulu.com,Female
409,Ebonee,Smart,esmartbc@addthis.com,Polygender
410,Howie,Woodworth,hwoodworthbd@mapy.cz,Genderfluid
411,Tommy,Bagge,tbaggebe@cbslocal.com,Female
412,Chester,Euler,ceulerbf@reuters.com,Male
413,Chip,McReath,cmcreathbg@archive.org,Male
414,Allegra,Ryce,arycebh@altervista.org,Female
415,Bessy,Falloon,bfalloonbi@pagesperso-orange.fr,Female
416,Seumas,McIver,smciverbj@sphinn.com,Polygender
417,Fidole,Dugall,fdugallbk@ifeng.com,Female
418,Tandy,March,tmarchbl@ustream.tv,Female
419,Stacee,Bragg,sbraggbm@parallels.com,Male
420,Sally,Merle,smerlebn@google.ru,Female
421,Cortney,Carletto,ccarlettobo@usa.gov,Female
422,Caesar,Harse,charsebp@facebook.com,Male
423,Anderson,Loudyan,aloudyanbq@g.co,Male
424,Liva,Torrance,ltorrancebr@newsvine.com,Female
425,Kailey,Crampin,kcrampinbs@ihg.com,Female
426,Ilsa,Tomasek,itomasekbt@printfriendly.com,Female
427,Shantee,Shallo,sshallobu@i2i.jp,Male
428,Sonny,Snape,ssnapebv@hp.com,Female
429,Daisie,Trobey,dtrobeybw@altervista.org,Female
430,Berkley,Ganford,bganfordbx@nbcnews.com,Male
431,Antoinette,Hearn,ahearnby@is.gd,Female
432,Rozele,Ronnay,rronnaybz@kickstarter.com,Male
433,Bambi,Reilingen,breilingenc0@chicagotribune.com,Male
434,Hayden,Treven,htrevenc1@meetup.com,Male
435,Chicky,Forgie,cforgiec2@ovh.net,Female
436,Alfred,Krale,akralec3@prlog.org,Female
437,Emmie,Loveard,eloveardc4@utexas.edu,Male
438,Galen,Connell,gconnellc5@salon.com,Female
439,Elga,Oager,eoagerc6@mysql.com,Female
440,Buiron,Dunhill,bdunhillc7@surveymonkey.com,Female
441,Shelagh,Haylett,shaylettc8@technorati.com,Male
442,Gilda,Beevers,gbeeversc9@zdnet.com,Female
443,Constance,Sobey,csobeyca@nih.gov,Female
444,Montgomery,Harvett,mharvettcb@homestead.com,Male
445,Forster,Di Batista,fdibatistacc@paypal.com,Male
446,Frieda,Wolford,fwolfordcd@cbc.ca,Male
447,Anabal,Ungerechts,aungerechtsce@samsung.com,Female
448,Jacqui,Keuning,jkeuningcf@ow.ly,Female
449,Courtnay,Balmforth,cbalmforthcg@uol.com.br,Female
450,Edin,Perks,eperksch@icio.us,Male
451,Humbert,Morley,hmorleyci@51.la,Female
452,Jacquie,McBrearty,jmcbreartycj@cdc.gov,Male
453,Maitilde,Thirwell,mthirwellck@redcross.org,Female
454,Mikkel,Bartrop,mbartropcl@bigcartel.com,Male
455,Kristine,Grosvener,kgrosvenercm@tamu.edu,Polygender
456,Virgilio,Hackworthy,vhackworthycn@scientificamerican.com,Female
457,Junie,Sagg,jsaggco@nba.com,Male
458,Elizabet,Keasey,ekeaseycp@dedecms.com,Male
459,Sara,Kelf,skelfcq@ucsd.edu,Female
460,Page,Prise,pprisecr@globo.com,Male
461,Yancy,Bamfield,ybamfieldcs@mac.com,Female
462,Darell,Chandler,dchandlerct@gravatar.com,Male
463,Faith,Gritskov,fgritskovcu@cpanel.net,Male
464,Aida,McAdam,amcadamcv@google.es,Male
465,Barrie,Snelle,bsnellecw@phoca.cz,Polygender
466,Nicoline,Batistelli,nbatistellicx@devhub.com,Male
467,Nertie,Darch,ndarchcy@biglobe.ne.jp,Female
468,Renado,Tellenbrok,rtellenbrokcz@dion.ne.jp,Female
469,Ardisj,Boughton,aboughtond0@cnbc.com,Male
470,Nixie,Emslie,nemslied1@hostgator.com,Female
471,Marcile,Hollingsby,mhollingsbyd2@paypal.com,Female
472,Natalee,Fossett,nfossettd3@prweb.com,Male
473,Lissi,Bilbery,lbilberyd4@globo.com,Male
474,Free,Rossander,frossanderd5@state.gov,Male
475,Hubie,Lund,hlundd6@whitehouse.gov,Female
476,Nerita,Leys,nleysd7@cloudflare.com,Female
477,Samantha,Jandera,sjanderad8@eepurl.com,Agender
478,Kathie,Brundill,kbrundilld9@mediafire.com,Polygender
479,Ferrel,Pavlishchev,fpavlishchevda@pcworld.com,Non-binary
480,Umeko,McKaile,umckailedb@miitbeian.gov.cn,Female
481,Brady,Scutter,bscutterdc@altervista.org,Female
482,Ernestus,Penkman,epenkmandd@mlb.com,Female
483,Cinderella,Lashmore,clashmorede@amazonaws.com,Male
484,Kelley,Crollman,kcrollmandf@noaa.gov,Female
485,Jacqui,Gallehock,jgallehockdg@google.com,Female
486,Chaddy,Baldinotti,cbaldinottidh@ucoz.ru,Male
487,Jorie,Mulqueeny,jmulqueenydi@ezinearticles.com,Male
488,Burty,Andriveaux,bandriveauxdj@nba.com,Female
489,Andie,Arch,aarchdk@ycombinator.com,Male
490,Electra,Eddow,eeddowdl@forbes.com,Polygender
491,Nissie,Whitehead,nwhiteheaddm@google.pl,Female
492,Joceline,Grinstead,jgrinsteaddn@yahoo.com,Female
493,Welch,McAllen,wmcallendo@weather.com,Female
494,Rivalee,Chesman,rchesmandp@nsw.gov.au,Male
495,Reuben,Bispham,rbisphamdq@weather.com,Male
496,Nye,Moodie,nmoodiedr@alexa.com,Male
497,Shelli,Kimble,skimbleds@oakley.com,Polygender
498,Stinky,Bannon,sbannondt@delicious.com,Male
499,Madeline,Scrauniage,mscrauniagedu@list-manage.com,Genderqueer
500,Timmy,Crinidge,tcrinidgedv@about.me,Female
501,Rebbecca,Measor,rmeasordw@epa.gov,Female
502,Napoleon,Bengochea,nbengocheadx@admin.ch,Female
503,Damara,Codman,dcodmandy@theatlantic.com,Agender
504,Lynea,Tripney,ltripneydz@com.com,Polygender
505,Ambros,Tonepohl,atonepohle0@miitbeian.gov.cn,Male
506,Emmye,Murty,emurtye1@hud.gov,Male
507,Horacio,Gasker,hgaskere2@gizmodo.com,Male
508,Hugh,Hampshaw,hhampshawe3@arizona.edu,Female
509,Moishe,Rodbourne,mrodbournee4@myspace.com,Male
510,Anabal,Malone,amalonee5@reverbnation.com,Male
511,Roberta,Garside,rgarsidee6@weibo.com,Genderfluid
512,Addison,De Benedictis,adebenedictise7@smugmug.com,Male
513,Jermaine,Clewley,jclewleye8@thetimes.co.uk,Female
514,Merill,Shadbolt,mshadbolte9@cbsnews.com,Male
515,Page,Dunmore,pdunmoreea@livejournal.com,Female
516,Morissa,Floyde,mfloydeeb@youtube.com,Female
517,Erna,Inglesfield,einglesfieldec@sfgate.com,Female
518,Anabel,Trethewey,atretheweyed@squarespace.com,Female
519,Petra,Simkins,psimkinsee@washingtonpost.com,Female
520,Tabbitha,Bushill,tbushillef@stanford.edu,Male
521,Nell,Hiddersley,nhiddersleyeg@samsung.com,Female
522,Curcio,McGrann,cmcgranneh@51.la,Female
523,Nickie,Gillebride,ngillebrideei@elegantthemes.com,Male
524,Athena,Laverock,alaverockej@drupal.org,Female
525,Carlen,O' Hanvey,cohanveyek@wufoo.com,Male
526,Dalt,Skedgell,dskedgellel@mapy.cz,Male
527,Gretel,Toulson,gtoulsonem@wix.com,Female
528,Kenton,de Aguirre,kdeaguirreen@photobucket.com,Female
529,Tate,Bonome,tbonomeeo@statcounter.com,Female
530,Donalt,Elsegood,delsegoodep@earthlink.net,Male
531,Benson,Helix,bhelixeq@walmart.com,Female
532,Lev,Stollenbeck,lstollenbecker@tamu.edu,Female
533,Davida,Barratt,dbarrattes@i2i.jp,Female
534,Quent,Skynner,qskynneret@unblog.fr,Male
535,Michele,Pothergill,mpothergilleu@npr.org,Male
536,Nerte,Standering,nstanderingev@phpbb.com,Male
537,Tarra,Firpi,tfirpiew@oakley.com,Female
538,Angel,Benallack,abenallackex@zimbio.com,Genderqueer
539,Morry,Hanhardt,mhanhardtey@reverbnation.com,Female
540,Liana,Spratt,lsprattez@ycombinator.com,Male
541,Karine,Ince,kincef0@parallels.com,Female
542,Frankie,Mercy,fmercyf1@feedburner.com,Male
543,Barbara,Gonnet,bgonnetf2@typepad.com,Female
544,Melisse,Patriche,mpatrichef3@harvard.edu,Male
545,Lynsey,Baudinet,lbaudinetf4@1und1.de,Female
546,Pietro,Grigoroni,pgrigoronif5@last.fm,Genderqueer
547,Gaelan,Gaydon,ggaydonf6@arstechnica.com,Male
548,Sasha,Finan,sfinanf7@wordpress.com,Male
549,Karel,Tinston,ktinstonf8@theglobeandmail.com,Female
550,Drusie,Feild,dfeildf9@census.gov,Female
551,Eduard,Brangan,ebranganfa@webeden.co.uk,Male
552,Kim,Jiggle,kjigglefb@shop-pro.jp,Male
553,Malia,Cannicott,mcannicottfc@yahoo.com,Male
554,Holly,Cosker,hcoskerfd@fema.gov,Female
555,Earl,Trowell,etrowellfe@howstuffworks.com,Bigender
556,Elianora,Dakhno,edakhnoff@ft.com,Male
557,Catherine,Twydell,ctwydellfg@engadget.com,Female
558,Ahmad,Musgrave,amusgravefh@jigsy.com,Male
559,Colene,Nias,cniasfi@stumbleupon.com,Female
560,Ewan,Churches,echurchesfj@4shared.com,Male
561,Renato,Jeggo,rjeggofk@ustream.tv,Male
562,Morgun,Ashcroft,mashcroftfl@ibm.com,Non-binary
563,Liliane,Carnaman,lcarnamanfm@zdnet.com,Male
564,Hermy,LLelweln,hllelwelnfn@hp.com,Male
565,Marcelo,Longman,mlongmanfo@addthis.com,Agender
566,Giles,Pinnell,gpinnellfp@shop-pro.jp,Male
567,Edwin,Bannell,ebannellfq@flickr.com,Male
568,Vonny,Alvarado,valvaradofr@flavors.me,Male
569,Kirk,Phalp,kphalpfs@sfgate.com,Female
570,Blakelee,Strettell,bstrettellft@gizmodo.com,Female
571,Ethyl,Curtain,ecurtainfu@sphinn.com,Female
572,Way,Cocher,wcocherfv@artisteer.com,Male
573,Polly,Scollard,pscollardfw@geocities.com,Male
574,Val,Thandi,vthandifx@eepurl.com,Female
575,Donella,Powys,dpowysfy@google.fr,Male
576,Teddie,Watters,twattersfz@yahoo.co.jp,Male
577,Beatrix,Pearcey,bpearceyg0@irs.gov,Female
578,Kerrie,Gildersleeve,kgildersleeveg1@alexa.com,Male
579,Edeline,Smithin,esmithing2@eventbrite.com,Female
580,Dianna,Faier,dfaierg3@imdb.com,Male
581,Birgitta,Jakuszewski,bjakuszewskig4@multiply.com,Female
582,Hyatt,Tolchar,htolcharg5@meetup.com,Male
583,Andriana,Belden,abeldeng6@stanford.edu,Male
584,Elva,Mahody,emahodyg7@tripod.com,Male
585,Chloe,Sauter,csauterg8@cargocollective.com,Male
586,Claudina,Beiderbecke,cbeiderbeckeg9@typepad.com,Female
587,Audra,Magnay,amagnayga@cmu.edu,Female
588,Alane,Donne,adonnegb@foxnews.com,Female
589,Stirling,Asche,saschegc@alibaba.com,Male
590,Amber,Burril,aburrilgd@nytimes.com,Male
591,Miller,Botcherby,mbotcherbyge@bbb.org,Female
592,Vasily,Wolfendell,vwolfendellgf@ibm.com,Male
593,Clyde,Stilldale,cstilldalegg@mediafire.com,Polygender
594,Englebert,Forsey,eforseygh@technorati.com,Female
595,Asia,FitzGilbert,afitzgilbertgi@domainmarket.com,Male
596,Rob,Shambrook,rshambrookgj@tinyurl.com,Male
597,Ximenes,Greenlies,xgreenliesgk@macromedia.com,Male
598,Damien,Greensite,dgreensitegl@redcross.org,Male
599,Marina,Halpin,mhalpingm@tuttocitta.it,Female
600,Editha,Lurriman,elurrimangn@hubpages.com,Male
601,Margaret,Monkhouse,mmonkhousego@cargocollective.com,Female
602,Sibyl,Stewart,sstewartgp@telegraph.co.uk,Male
603,Cloris,Pentland,cpentlandgq@dailymotion.com,Agender
604,Benyamin,Walsh,bwalshgr@google.es,Female
605,Corney,Aspell,caspellgs@mlb.com,Female
606,Charin,McCallam,cmccallamgt@so-net.ne.jp,Male
607,Lucie,Baroch,lbarochgu@shinystat.com,Male
608,Holly-anne,Halahan,hhalahangv@wix.com,Male
609,Willard,Ambrosch,wambroschgw@last.fm,Female
610,Symon,Mulvenna,smulvennagx@yahoo.com,Female
611,Brien,Hallwell,bhallwellgy@wp.com,Male
612,Kleon,Magrane,kmagranegz@seattletimes.com,Male
613,Donnamarie,Harm,dharmh0@wunderground.com,Male
614,Erie,Aldins,ealdinsh1@google.cn,Female
615,Claudio,Neward,cnewardh2@usa.gov,Male
616,Theodora,Grigorio,tgrigorioh3@about.com,Male
617,Agna,Fairchild,afairchildh4@google.com.au,Female
618,Doy,Wrought,dwroughth5@joomla.org,Bigender
619,Rriocard,Quenell,rquenellh6@epa.gov,Female
620,Margalit,Cardoo,mcardooh7@ftc.gov,Male
621,Stefa,Detloff,sdetloffh8@whitehouse.gov,Female
622,Creight,Lincey,clinceyh9@businessinsider.com,Female
623,Hilary,Enderson,hendersonha@php.net,Female
624,Baxy,Ogger,boggerhb@livejournal.com,Male
625,Florenza,Peplaw,fpeplawhc@skyrock.com,Genderqueer
626,Massimo,Trays,mtrayshd@eventbrite.com,Male
627,Erasmus,Yannikov,eyannikovhe@wisc.edu,Male
628,Mar,Bassom,mbassomhf@nhs.uk,Male
629,Lorens,Leatherland,lleatherlandhg@cocolog-nifty.com,Female
630,Bentlee,Temlett,btemletthh@ycombinator.com,Genderqueer
631,Jose,Scinelli,jscinellihi@w3.org,Female
632,Morty,Gaskoin,mgaskoinhj@google.pl,Female
633,Kalle,Nestoruk,knestorukhk@delicious.com,Agender
634,Kinna,MacKnockiter,kmacknockiterhl@nps.gov,Male
635,Donny,Ashton,dashtonhm@bigcartel.com,Male
636,Kaye,Billham,kbillhamhn@edublogs.org,Male
637,Dael,Addinall,daddinallho@google.es,Genderqueer
638,Angelika,Fellgatt,afellgatthp@utexas.edu,Genderfluid
639,Marty,Ditts,mdittshq@dropbox.com,Female
640,Bentley,Cossell,bcossellhr@cbslocal.com,Female
641,Malynda,Heaselgrave,mheaselgravehs@google.de,Male
642,Dredi,Mehmet,dmehmetht@economist.com,Bigender
643,Arnie,Van Brug,avanbrughu@phpbb.com,Male
644,Jacklin,McGhee,jmcgheehv@51.la,Male
645,Ulises,Wildgoose,uwildgoosehw@nature.com,Female
646,Burke,Olner,bolnerhx@go.com,Male
647,Merle,Soar,msoarhy@samsung.com,Female
648,Jerrilyn,Keld,jkeldhz@fotki.com,Male
649,Ari,Laweles,alawelesi0@ox.ac.uk,Female
650,Sinclair,Dat,sdati1@quantcast.com,Male
651,Lorrie,Deamer,ldeameri2@intel.com,Female
652,Darryl,McAreavey,dmcareaveyi3@wsj.com,Female
653,Ragnar,Naris,rnarisi4@symantec.com,Female
654,Lorine,Fishlock,lfishlocki5@paypal.com,Male
655,Goldi,Ianniello,giannielloi6@uiuc.edu,Female
656,Dwayne,Luxen,dluxeni7@t.co,Male
657,Letizia,Treswell,ltreswelli8@samsung.com,Polygender
658,Colman,Laycock,claycocki9@e-recht24.de,Male
659,Grace,Ducker,gduckeria@sitemeter.com,Female
660,Tatum,Scotti,tscottiib@elegantthemes.com,Female
661,Tabina,Learmonth,tlearmonthic@constantcontact.com,Female
662,Belinda,Scrine,bscrineid@oaic.gov.au,Male
663,Vitoria,Collopy,vcollopyie@qq.com,Male
664,Free,Larcher,flarcherif@php.net,Female
665,Elia,Redmille,eredmilleig@seattletimes.com,Female
666,Lira,Nalder,lnalderih@goo.gl,Male
667,Stillmann,Litel,slitelii@sphinn.com,Female
668,Dulci,Braden,dbradenij@bigcartel.com,Male
669,Freddie,Gerritzen,fgerritzenik@merriam-webster.com,Male
670,Karlotte,Hannon,khannonil@dell.com,Female
671,Evangelia,Liddle,eliddleim@patch.com,Male
672,Conway,Precious,cpreciousin@nytimes.com,Male
673,Rhetta,Nizard,rnizardio@theatlantic.com,Polygender
674,Raynell,McLukie,rmclukieip@fc2.com,Male
675,Sonya,Askwith,saskwithiq@google.com.hk,Male
676,Jemimah,Livezey,jlivezeyir@miitbeian.gov.cn,Male
677,Leslie,Anstice,lansticeis@squidoo.com,Female
678,Broderic,Hanks,bhanksit@statcounter.com,Female
679,Paulina,Ickowics,pickowicsiu@hao123.com,Female
680,Chrissy,Molan,cmolaniv@gnu.org,Male
681,De,Magson,dmagsoniw@printfriendly.com,Female
682,Raynor,Daubeny,rdaubenyix@printfriendly.com,Male
683,Aurie,Tivnan,ativnaniy@vkontakte.ru,Female
684,Bary,Eskrick,beskrickiz@last.fm,Female
685,Frannie,Chaplain,fchaplainj0@shutterfly.com,Female
686,Vania,Soggee,vsoggeej1@discovery.com,Male
687,Rutter,Seeborne,rseebornej2@go.com,Male
688,Waiter,Kleyn,wkleynj3@myspace.com,Female
689,Mag,Scain,mscainj4@clickbank.net,Female
690,Gabbie,Turnbull,gturnbullj5@paypal.com,Male
691,Devondra,Vanyashin,dvanyashinj6@hexun.com,Female
692,Farlay,Howsley,fhowsleyj7@ameblo.jp,Female
693,Wadsworth,Solomonides,wsolomonidesj8@psu.edu,Male
694,Brook,Rizzillo,brizzilloj9@cbc.ca,Female
695,Etheline,Paybody,epaybodyja@nytimes.com,Non-binary
696,Angil,Hallworth,ahallworthjb@forbes.com,Female
697,Ninette,Vinson,nvinsonjc@noaa.gov,Male
698,Blithe,Harlett,bharlettjd@arstechnica.com,Genderfluid
699,Katherina,Dawtry,kdawtryje@cnet.com,Male
700,Courtnay,Dablin,cdablinjf@ftc.gov,Male
701,Ingeborg,Dunseath,idunseathjg@biblegateway.com,Male
702,Rhea,Sickling,rsicklingjh@histats.com,Female
703,Reena,Mulvihill,rmulvihillji@elegantthemes.com,Female
704,Pippa,Cruise,pcruisejj@harvard.edu,Male
705,May,Gownge,mgowngejk@1und1.de,Male
706,Courtnay,Langthorne,clangthornejl@reddit.com,Female
707,Hertha,Ertel,herteljm@exblog.jp,Female
708,Aurelia,Labone,alabonejn@printfriendly.com,Male
709,Jaquenetta,Ullett,jullettjo@surveymonkey.com,Male
710,Debee,Arnaudin,darnaudinjp@dropbox.com,Polygender
711,Lillis,St. Ledger,lstledgerjq@rakuten.co.jp,Female
712,Joelynn,Toquet,jtoquetjr@cpanel.net,Male
713,Blakeley,Harriday,bharridayjs@furl.net,Female
714,Thornton,Stiegar,tstiegarjt@princeton.edu,Male
715,Meade,Luesley,mluesleyju@hp.com,Male
716,Laurella,Fidell,lfidelljv@ox.ac.uk,Female
717,Yancey,Lemm,ylemmjw@dagondesign.com,Female
718,Aryn,Gisborne,agisbornejx@ox.ac.uk,Agender
719,Avis,Ensten,aenstenjy@angelfire.com,Male
720,Mallorie,Sibery,msiberyjz@gov.uk,Male
721,Selie,Fells,sfellsk0@nps.gov,Female
722,Melvyn,Conville,mconvillek1@csmonitor.com,Female
723,Skipp,Yarker,syarkerk2@zimbio.com,Male
724,Vinson,Miner,vminerk3@list-manage.com,Female
725,Doretta,Jubb,djubbk4@goo.ne.jp,Female
726,Panchito,Cossins,pcossinsk5@jigsy.com,Male
727,Tasha,Kinahan,tkinahank6@histats.com,Male
728,Hetty,Daventry,hdaventryk7@lulu.com,Female
729,Bob,Piggott,bpiggottk8@comsenz.com,Female
730,Stefan,O'Doherty,sodohertyk9@sfgate.com,Male
731,Gus,Abbatucci,gabbatuccika@wikia.com,Genderqueer
732,Gavrielle,Costigan,gcostigankb@umich.edu,Male
733,Carmine,Southwood,csouthwoodkc@statcounter.com,Male
734,Aigneis,Gravenell,agravenellkd@twitpic.com,Bigender
735,Saunderson,Stallon,sstallonke@networksolutions.com,Male
736,Anneliese,Skittle,askittlekf@booking.com,Polygender
737,Othilia,Boodell,oboodellkg@ovh.net,Male
738,Anitra,Dargan,adargankh@google.co.uk,Female
739,Hodge,Sleigh,hsleighki@smugmug.com,Female
740,Egon,Antalffy,eantalffykj@irs.gov,Agender
741,Benoite,Spillard,bspillardkk@opensource.org,Male
742,Eachelle,Suero,esuerokl@nbcnews.com,Polygender
743,Zane,Thridgould,zthridgouldkm@gnu.org,Male
744,Kev,Sturney,ksturneykn@xing.com,Male
745,Wynn,Bawme,wbawmeko@dagondesign.com,Male
746,Syman,Harbertson,sharbertsonkp@noaa.gov,Agender
747,Jude,Stanman,jstanmankq@upenn.edu,Female
748,Halsey,Fincher,hfincherkr@canalblog.com,Female
749,Win,Mourgue,wmourgueks@friendfeed.com,Male
750,Anna,Penniall,apenniallkt@4shared.com,Male
751,Billye,Tumioto,btumiotoku@tmall.com,Female
752,Gerek,Doyland,gdoylandkv@ca.gov,Female
753,Gardner,O'Callaghan,gocallaghankw@hexun.com,Female
754,Lesly,Oxlade,loxladekx@simplemachines.org,Male
755,Berton,Ducham,bduchamky@auda.org.au,Male
756,Sharai,Schrinel,sschrinelkz@oakley.com,Female
757,Angelika,Garfirth,agarfirthl0@go.com,Female
758,Vladamir,Willows,vwillowsl1@cmu.edu,Female
759,Beverie,Jaeggi,bjaeggil2@msn.com,Male
760,Maribel,Anwell,manwelll3@utexas.edu,Genderfluid
761,Luce,Artingstall,lartingstalll4@accuweather.com,Female
762,Mortimer,Smylie,msmyliel5@nifty.com,Female
763,Burt,Odhams,bodhamsl6@merriam-webster.com,Bigender
764,Audry,Waters,awatersl7@biglobe.ne.jp,Female
765,Magdalena,Jahnke,mjahnkel8@google.de,Male
766,Remy,Gendrich,rgendrichl9@adobe.com,Male
767,Jimmy,Bernardy,jbernardyla@joomla.org,Female
768,Lammond,Beche,lbechelb@hhs.gov,Female
769,Lilias,Messitt,lmessittlc@google.com.hk,Male
770,Caitlin,Parcells,cparcellsld@slideshare.net,Bigender
771,Xenia,Sarjeant,xsarjeantle@amazon.co.uk,Male
772,Bradford,Hellewell,bhellewelllf@google.it,Male
773,Brade,Barents,bbarentslg@elegantthemes.com,Male
774,Anthea,Springate,aspringatelh@g.co,Female
775,Conroy,Penke,cpenkeli@ted.com,Female
776,Lianna,Ingerfield,lingerfieldlj@sohu.com,Male
777,Mariam,Gant,mgantlk@moonfruit.com,Bigender
778,Barb,Costard,bcostardll@china.com.cn,Male
779,Lilian,Dawby,ldawbylm@xinhuanet.com,Female
780,Tina,Rishman,trishmanln@guardian.co.uk,Female
781,Lindsay,O'Boyle,loboylelo@eventbrite.com,Male
782,Gregor,Simonett,gsimonettlp@abc.net.au,Male
783,Rodrigo,Isaacs,risaacslq@dmoz.org,Female
784,Dennison,Davidsohn,ddavidsohnlr@domainmarket.com,Genderqueer
785,Nikaniki,Aldwich,naldwichls@economist.com,Female
786,Edie,Stobbie,estobbielt@list-manage.com,Male
787,Lindsey,Corradino,lcorradinolu@indiatimes.com,Male
788,Mose,Macieja,mmaciejalv@hibu.com,Female
789,Cal,Newnham,cnewnhamlw@tmall.com,Female
790,Brett,Domerc,bdomerclx@earthlink.net,Agender
791,Paddy,Lazar,plazarly@unblog.fr,Female
792,Karlens,Cowl,kcowllz@europa.eu,Male
793,Delmor,Gorry,dgorrym0@meetup.com,Male
794,Bentley,O'Hartigan,bohartiganm1@printfriendly.com,Male
795,Lura,Konrad,lkonradm2@studiopress.com,Male
796,Pasquale,Beek,pbeekm3@stumbleupon.com,Agender
797,Eal,Osant,eosantm4@liveinternet.ru,Female
798,Odele,Sallarie,osallariem5@blogtalkradio.com,Male
799,Domingo,Tumilty,dtumiltym6@mlb.com,Male
800,Fina,Tolchar,ftolcharm7@delicious.com,Agender
801,Sumner,Blanshard,sblanshardm8@home.pl,Female
802,Travis,Glashby,tglashbym9@godaddy.com,Female
803,Benedick,Di Biasio,bdibiasioma@ucsd.edu,Male
804,Dale,Votier,dvotiermb@google.ca,Agender
805,Hobard,Delamaine,hdelamainemc@businessinsider.com,Bigender
806,Angelique,Stedell,astedellmd@mail.ru,Female
807,Ginevra,Rilings,grilingsme@mashable.com,Female
808,Walther,Kingzeth,wkingzethmf@toplist.cz,Female
809,Jeana,Bosher,jboshermg@yellowbook.com,Male
810,Orlan,Iashvili,oiashvilimh@shop-pro.jp,Female
811,Juieta,Roly,jrolymi@toplist.cz,Bigender
812,Gilemette,Cancellario,gcancellariomj@ning.com,Male
813,Corrie,Mingus,cmingusmk@geocities.com,Female
814,Ansel,Swindin,aswindinml@homestead.com,Male
815,Cullen,Spittles,cspittlesmm@dropbox.com,Male
816,Sonnie,Twist,stwistmn@noaa.gov,Male
817,Zorana,O'Dennehy,zodennehymo@deviantart.com,Female
818,Krysta,Speck,kspeckmp@icio.us,Female
819,Beitris,Camamile,bcamamilemq@hao123.com,Female
820,Dory,Marcoolyn,dmarcoolynmr@apache.org,Non-binary
821,Grannie,Thoumasson,gthoumassonms@reddit.com,Male
822,Cosimo,Hughson,chughsonmt@samsung.com,Female
823,Jacki,Wilbore,jwilboremu@sitemeter.com,Male
824,Rheba,Krzyzanowski,rkrzyzanowskimv@senate.gov,Male
825,Demetria,Gerish,dgerishmw@cargocollective.com,Agender
826,Roma,Pietasch,rpietaschmx@state.tx.us,Male
827,Lissi,Manntschke,lmanntschkemy@amazon.com,Female
828,Dominick,Cushelly,dcushellymz@noaa.gov,Male
829,Dennet,Sylett,dsylettn0@clickbank.net,Polygender
830,Darryl,Schwant,dschwantn1@illinois.edu,Male
831,Hilario,Dawdry,hdawdryn2@liveinternet.ru,Genderfluid
832,Zarla,Neville,znevillen3@illinois.edu,Male
833,Monica,Doxey,mdoxeyn4@sbwire.com,Female
834,Tanitansy,Shefton,tsheftonn5@163.com,Female
835,Shea,Lewens,slewensn6@ucoz.ru,Female
836,Norbie,Kelleher,nkellehern7@addtoany.com,Female
837,Krishnah,Jimpson,kjimpsonn8@cam.ac.uk,Male
838,Paige,Croxon,pcroxonn9@ucla.edu,Male
839,Arlen,Ianiello,aianiellona@wordpress.com,Female
840,Estele,Fautley,efautleynb@berkeley.edu,Male
841,Jake,Golightly,jgolightlync@slashdot.org,Female
842,Eliot,Gyngell,egyngellnd@geocities.com,Male
843,Paola,Brislan,pbrislanne@mashable.com,Female
844,Burton,Sothern,bsothernnf@tripod.com,Male
845,Kylen,Figure,kfigureng@google.pl,Female
846,Charity,Bergstrand,cbergstrandnh@wordpress.com,Male
847,Caresa,Beeho,cbeehoni@fc2.com,Female
848,Nannie,Webben,nwebbennj@uiuc.edu,Female
849,Ethyl,Gowdridge,egowdridgenk@marketwatch.com,Female
850,Filmore,Nannoni,fnannoninl@reddit.com,Male
851,Eolande,Maeer,emaeernm@sfgate.com,Female
852,Ilene,Treece,itreecenn@meetup.com,Male
853,Trudie,Gillford,tgillfordno@parallels.com,Male
854,Kele,Waterworth,kwaterworthnp@google.ca,Female
855,Jen,Dunniom,jdunniomnq@sfgate.com,Male
856,Pammie,Jaffray,pjaffraynr@xrea.com,Female
857,Philip,Konrad,pkonradns@hubpages.com,Female
858,Cyndi,Servis,cservisnt@europa.eu,Female
859,Jerad,Carpe,jcarpenu@seattletimes.com,Female
860,Sybila,Okie,sokienv@virginia.edu,Female
861,Fay,Trott,ftrottnw@privacy.gov.au,Female
862,Huberto,Fenners,hfennersnx@mayoclinic.com,Female
863,Mariejeanne,Drable,mdrableny@eepurl.com,Female
864,Devonna,Brownlea,dbrownleanz@umn.edu,Male
865,Elliott,Dixson,edixsono0@accuweather.com,Male
866,Retha,Saltsberger,rsaltsbergero1@dyndns.org,Agender
867,Louisa,Rosenauer,lrosenauero2@google.fr,Male
868,Gardy,Andreasson,gandreassono3@unicef.org,Male
869,Nicko,Filan,nfilano4@harvard.edu,Female
870,Luciana,Banbrick,lbanbricko5@wired.com,Female
871,Lenora,Orlton,lorltono6@seattletimes.com,Female
872,Ree,O'Dee,rodeeo7@java.com,Male
873,Romy,Shouler,rshoulero8@soup.io,Female
874,Corie,Aronov,caronovo9@joomla.org,Male
875,Nevins,Harvett,nharvettoa@w3.org,Male
876,Meggy,Handover,mhandoverob@zdnet.com,Female
877,Eric,Calvard,ecalvardoc@vinaora.com,Female
878,Karlik,Murley,kmurleyod@google.co.uk,Male
879,Cull,Hurring,churringoe@oracle.com,Male
880,Violet,Mochar,vmocharof@imdb.com,Male
881,Corine,Losano,closanoog@bandcamp.com,Male
882,Samuel,Wheowall,swheowalloh@chron.com,Genderfluid
883,Jammie,Tadlow,jtadlowoi@gmpg.org,Genderqueer
884,Em,Benard,ebenardoj@over-blog.com,Agender
885,Nickey,Duchart,nduchartok@sina.com.cn,Genderfluid
886,Gerrard,McEllen,gmcellenol@oaic.gov.au,Female
887,Kahaleel,Mercey,kmerceyom@bluehost.com,Male
888,Karil,Yonnie,kyonnieon@harvard.edu,Male
889,Stavro,Duferie,sduferieoo@cdbaby.com,Female
890,Eben,Crown,ecrownop@ucla.edu,Male
891,Linc,Hanselmann,lhanselmannoq@marketwatch.com,Male
892,Meta,Deboy,mdeboyor@unc.edu,Male
893,Adolphus,Chippindale,achippindaleos@t-online.de,Male
894,Reeba,Twiddell,rtwiddellot@alexa.com,Male
895,Say,Espine,sespineou@mysql.com,Male
896,Reidar,MacAllen,rmacallenov@gnu.org,Male
897,Margarete,De Winton,mdewintonow@slideshare.net,Female
898,Bordie,Rapaport,brapaportox@rambler.ru,Female
899,Marlon,Selkirk,mselkirkoy@multiply.com,Male
900,Lacey,Lindenstrauss,llindenstraussoz@newsvine.com,Male
901,Veronique,O'Donoghue,vodonoghuep0@hp.com,Male
902,Raynell,Maffioletti,rmaffiolettip1@newyorker.com,Female
903,Laverna,Mearns,lmearnsp2@behance.net,Female
904,Birdie,Sodo,bsodop3@eventbrite.com,Male
905,Chaddy,Belfitt,cbelfittp4@google.com,Female
906,Hanna,O'Heagertie,hoheagertiep5@about.com,Female
907,Halette,Kincey,hkinceyp6@vimeo.com,Female
908,Harald,Folini,hfolinip7@ow.ly,Female
909,Rosanne,Fritchly,rfritchlyp8@tiny.cc,Male
910,Demeter,Erik,derikp9@princeton.edu,Female
911,Carolus,Glossup,cglossuppa@home.pl,Male
912,Pasquale,Pracy,ppracypb@bbc.co.uk,Female
913,Brendan,Rehm,brehmpc@about.me,Non-binary
914,Sheelah,Rugiero,srugieropd@linkedin.com,Polygender
915,Mag,Hammor,mhammorpe@list-manage.com,Male
916,Donalt,Heakey,dheakeypf@army.mil,Female
917,Laurette,Oxtiby,loxtibypg@apache.org,Male
918,Aldrich,McRinn,amcrinnph@alexa.com,Male
919,Arel,Bourke,abourkepi@odnoklassniki.ru,Female
920,Mae,Alpes,malpespj@ning.com,Female
921,Erv,Salkild,esalkildpk@bravesites.com,Genderqueer
922,Jeanna,Fuentez,jfuentezpl@jugem.jp,Male
923,Phillipe,Wheal,pwhealpm@privacy.gov.au,Male
924,Kassi,Micklem,kmicklempn@tripadvisor.com,Female
925,Ginger,Tremayne,gtremaynepo@tripadvisor.com,Male
926,Lyndell,Zincke,lzinckepp@multiply.com,Female
927,Jacklin,Salvadori,jsalvadoripq@google.it,Female
928,Brittni,Jakoubec,bjakoubecpr@msn.com,Male
929,Dickie,Cicchitello,dcicchitellops@dyndns.org,Female
930,Karleen,De Carlo,kdecarlopt@cnet.com,Female
931,Obadiah,Angrick,oangrickpu@godaddy.com,Male
932,Enid,Waterdrinker,ewaterdrinkerpv@google.de,Male
933,Arda,Enevold,aenevoldpw@sohu.com,Male
934,Roxana,MacNeillie,rmacneilliepx@sakura.ne.jp,Female
935,Brew,Skylett,bskylettpy@skype.com,Female
936,Robinson,Pendrick,rpendrickpz@123-reg.co.uk,Female
937,Lesley,Cupper,lcupperq0@bigcartel.com,Male
938,Chelsy,Amorine,camorineq1@japanpost.jp,Male
939,Lester,Hubberstey,lhubbersteyq2@furl.net,Male
940,Mano,O'Corrigane,mocorriganeq3@sphinn.com,Male
941,Rakel,Marioneau,rmarioneauq4@i2i.jp,Female
942,Uriel,Creamer,ucreamerq5@blogs.com,Female
943,Lyle,Redwood,lredwoodq6@geocities.com,Male
944,Chester,Pydcock,cpydcockq7@omniture.com,Male
945,Kellby,Hanmore,khanmoreq8@statcounter.com,Female
946,Elsy,Tarpey,etarpeyq9@stumbleupon.com,Male
947,Becki,Feehely,bfeehelyqa@google.com,Male
948,Shea,Scoyles,sscoylesqb@mlb.com,Genderqueer
949,Mureil,Sherston,msherstonqc@usa.gov,Female
950,Creighton,Pahlsson,cpahlssonqd@tuttocitta.it,Female
951,Brandie,Lugden,blugdenqe@marriott.com,Female
952,Ruthanne,Emblen,remblenqf@aol.com,Female
953,Goddard,Valentinuzzi,gvalentinuzziqg@ucoz.com,Genderfluid
954,Leonelle,Bottomley,lbottomleyqh@networkadvertising.org,Female
955,Dodie,Chatelet,dchateletqi@patch.com,Male
956,Roze,Wade,rwadeqj@google.fr,Male
957,Dulcy,Roe,droeqk@whitehouse.gov,Female
958,Luciana,Gwyneth,lgwynethql@multiply.com,Female
959,Nissa,Fielden,nfieldenqm@wp.com,Female
960,Alexandr,Gealle,agealleqn@salon.com,Male
961,Ricky,Gresly,rgreslyqo@thetimes.co.uk,Male
962,Marcy,Juschka,mjuschkaqp@bing.com,Male
963,Kellen,Dumbare,kdumbareqq@sina.com.cn,Male
964,Sigvard,Wennington,swenningtonqr@ox.ac.uk,Female
965,Fifi,Whisby,fwhisbyqs@cargocollective.com,Genderfluid
966,Marsh,Rogers,mrogersqt@example.com,Male
967,Alfreda,Pierro,apierroqu@ameblo.jp,Male
968,Sig,Hanse,shanseqv@t.co,Male
969,Jilli,Robberts,jrobbertsqw@independent.co.uk,Female
970,Gabriella,Oleksiak,goleksiakqx@tamu.edu,Female
971,Athena,Learned,alearnedqy@cbc.ca,Bigender
972,Jerrie,Dragonette,jdragonetteqz@delicious.com,Male
973,Jerrilee,Chancellor,jchancellorr0@feedburner.com,Female
974,Karena,Barbey,kbarbeyr1@topsy.com,Male
975,Floris,Sterrie,fsterrier2@skype.com,Male
976,Peggi,Margrie,pmargrier3@marketwatch.com,Male
977,Louise,Haylock,lhaylockr4@unblog.fr,Male
978,Hildy,McClinton,hmcclintonr5@blogtalkradio.com,Male
979,Fiona,Girth,fgirthr6@flickr.com,Female
980,Tiena,Lemarie,tlemarier7@ask.com,Female
981,Josselyn,Ciccotti,jciccottir8@webmd.com,Male
982,Gerladina,Fantin,gfantinr9@mediafire.com,Bigender
983,Katherina,Chang,kchangra@deviantart.com,Female
984,Sissie,Wood,swoodrb@blogtalkradio.com,Female
985,Susanna,Denford,sdenfordrc@tinypic.com,Female
986,Brandice,Kobierski,bkobierskird@jugem.jp,Female
987,Leeanne,Theis,ltheisre@earthlink.net,Male
988,Gabby,Satchel,gsatchelrf@tmall.com,Female
989,Maggy,Bogart,mbogartrg@unicef.org,Male
990,Jessie,Windley,jwindleyrh@prweb.com,Female
991,Jonas,Hawick,jhawickri@e-recht24.de,Male
992,Lew,Ludgate,lludgaterj@wp.com,Female
993,Celestyn,Fenech,cfenechrk@unblog.fr,Non-binary
994,Karlan,Ghilks,kghilksrl@mozilla.org,Female
995,Jeremy,Hammerich,jhammerichrm@comcast.net,Male
996,Evey,Omrod,eomrodrn@people.com.cn,Female
997,Goran,Itshak,gitshakro@weather.com,Male
998,Fan,Crofts,fcroftsrp@chronoengine.com,Male
999,Dionne,Rentoll,drentollrq@go.com,Male
1000,Lilian,Addeycott,laddeycottrr@lulu.com,Male
